Wilayah;Lintang;Bujur;SD;SMP;SMA;SMK;PLB
Indonesia;-2,219622;117,564668;24,99;29,9;30,71;33,66;6,13
Prop. Aceh;3,93002;97,833252;20,23;22,23;25,3;23,65;7,21
Prop. Bali;-8,409518;115,188916;24,95;38,48;32,99;39,82;7,62
Prop. Bangka Belitung;-2,741051;106,440587;24,71;30,3;28,8;27,94;7,68
Prop. Banten;-6,405817;106,064018;35,07;33,36;32,37;36,95;7,15
Prop. Bengkulu;-3,792845;102,260764;21,63;25,03;28,44;23,51;5,55
Prop. D.I. Yogyakarta;-7,79558;110,36949;21,18;27,5;25,32;28,85;4,15
Prop. D.K.I. Jakarta;-6,208763;106,845599;34,65;33,55;29,64;35,61;4,38
Prop. Gorontalo;0,543544;123,056769;21,31;23,81;29;23,85;11
Prop. Jambi;-1,589423;103,60911;22,48;25,07;29,49;27,25;7,6
Prop. Jawa Barat;-7,090911;107,668887;33,44;35,86;34,08;38,57;6,56
Prop. Jawa Tengah;-7,150975;110,140259;23,01;30,26;29,11;36,44;6,01
Prop. Jawa Timur;-7,536064;112,238402;21,84;29,56;30,88;37,8;6,06
Prop. Kalimantan Barat;-0,278781;111,475285;21,56;28,31;31,96;30,67;6,76
Prop. Kalimantan Selatan;-3,092642;115,283758;18,94;25,59;28,36;31,96;4,61
Prop. Kalimantan Tengah;-1,681488;113,382355;17,66;23,73;25,9;23,9;5,52
Prop. Kalimantan Timur;0,538659;116,419389;27,37;29,86;30,33;31,06;6,71
Prop. Kalimantan Utara;3,073093;116,041389;22,81;29,61;33,11;29,57;6,64
Prop. Kepulauan Riau;2,108899;105,853271;30,79;31,91;29,29;27,23;6,87
Prop. Lampung;-4,558585;105,406808;25,09;28,73;30,12;32,68;6,21
Prop. Maluku;-3,238462;130,145273;20,54;24,71;29,03;21,58;11,61
Prop. Maluku Utara;1,570999;127,808769;20,77;25,22;28,15;22,1;4,94
Prop. Nusa Tenggara Barat;-8,652933;117,361648;24,73;27,06;32,18;30,76;7,09
Prop. Nusa Tenggara Timur;-8,657382;121,07937;21,32;28,65;32,36;26,14;6,34
Prop. Papua;-4,269928;138,080353;28,44;30,6;29,72;22,92;6,34
Prop. Papua Barat;-1,336115;133,174716;22,14;25,45;26,24;22,31;8,84
Prop. Riau;0,439449;101,942139;26,86;28,55;29,62;27,08;6,44
Prop. Sulawesi Barat;-2,844137;119,232078;19,83;25,89;30,87;27,23;8,88
Prop. Sulawesi Selatan;-3,668799;119,974053;22,21;27,49;31,59;27,7;5,48
Prop. Sulawesi Tengah;-1,430025;121,445618;19,51;23,18;30,93;24,41;6,69
Prop. Sulawesi Tenggara;-4,14491;122,174605;21,77;23,34;29,08;23,08;7,12
Prop. Sulawesi Utara;0,624693;123,975002;17,85;24,44;25,55;24,47;4,52
Prop. Sumatera Barat;-0,944781;100,689697;22,03;25,98;29,47;30,57;6,09
Prop. Sumatera Selatan;-3,319437;103,914399;27,7;32,15;31,98;34,64;6,41
Prop. Sumatera Utara;2,163792;98,256226;25,54;30,12;33,21;30,7;8,52
Kab. Aceh Barat;4,456691;96,185278;16,33;20,49;25,18;20,04;4,43
Kab. Aceh Barat Daya;3,824859;96,878346;18,17;21,05;27,03;21,43;9,43
Kab. Aceh Besar;5,38055;95,514973;19,82;20,44;20,25;24,02;6,1
Kab. Aceh Jaya;4,833007;95,678538;13,83;18,41;23,57;14,28;0
Kab. Aceh Selatan;3,162698;97,435474;15,28;21,66;25,93;18,67;0
Kab. Aceh Singkil;2,351059;97,846996;23,37;27,58;28,36;21,22;0
Kab. Aceh Tamiang;4,229489;97,976987;26,66;24,27;27,06;24,03;14,64
Kab. Aceh Tengah;4,530121;96,859023;15,94;18,24;23,04;31,69;9,55
Kab. Aceh Tenggara;3,369112;97,696621;21,76;23,31;29,23;20,19;2,52
Kab. Aceh Timur;4,629968;97,627748;23,6;22,67;25,63;21,85;0
Kab. Aceh Utara;5,014969;97,181919;21,7;24,37;25,67;27,57;32,25
Kab. Agam;-0,24946;100,168307;18,92;22,97;27,64;31,06;5,56
Kab. Alor;-8,30386;124,570064;17,87;23,67;30,81;25,08;4,69
Kab. Asahan;2,802338;99,562584;25,95;32,76;36,28;30,82;14,17
Kab. Asmat;-5,3231;138,62231;28;25,14;24,7;17,33;0
Kab. Badung;-8,582205;115,187262;29,36;44,73;35;49,83;7,83
Kab. Balangan;-2,313234;115,640606;11,8;19,94;23,97;23,11;5,25
Kab. Bandung;-7,100556;107,607906;41,6;41,73;37,6;38,21;6,37
Kab. Bandung Barat;-6,89515;107,421756;33,34;37,43;34,26;49,16;7,64
Kab. Banggai;-1,02175;122,578573;18,05;21,3;30,75;24,99;2,87
Kab. Banggai Kepulauan;-1,372225;123,143828;14,7;21,06;25,32;26,71;5,25
KAB. BANGGAI LAUT;-1,788046;123,534412;17,47;19,25;30,04;30,81;0
Kab. Bangka;-1,925481;105,937908;25,05;30,51;28,63;30,09;10,92
Kab. Bangka Barat;-1,890312;105,496372;22,37;27,25;27,91;27,07;3,73
Kab. Bangka Selatan;-2,774951;106,341134;25,18;28,04;28,06;22,93;7,78
Kab. Bangka Tengah;-2,473159;106,282289;28,9;32,76;29,43;31,89;8,17
Kab. Bangkalan;-7,045272;112,928949;26,43;31,79;34,83;41,07;31,67
Kab. Bangli;-8,292793;115,349588;24,06;31,34;26,35;32,16;4,19
Kab. Banjar;-3,318883;115,076982;18,62;25,23;28,08;33,54;3,12
Kab. Banjarnegara;-7,351719;109,661553;18,32;28,05;27,56;41,87;5,2
Kab. Bantaeng;-5,488257;119,987034;19,64;21,71;32,76;22,13;9,33
Kab. Bantul;-7,902833;110,359955;23;27,01;24,84;31,53;4,55
Kab. Banyuasin;-2,496547;104,664552;29;36,34;32,99;34,03;12,38
Kab. Banyumas;-7,452945;109,176469;24,3;32,57;25,84;36,12;10,5
Kab. Banyuwangi;-8,365912;114,206088;21,31;30,9;33,09;38,23;4,89
Kab. Barito Kuala;-3,090083;114,62566;16,8;23,04;25,92;25,72;3,75
Kab. Barito Selatan;-1,81179;114,90598;14,17;19,63;24,33;27,53;4,44
Kab. Barito Timur;-1,980748;115,146595;14,48;23,23;25,78;21,78;3,43
Kab. Barito Utara;-0,93107;115,133907;15,14;26,87;31,33;27;3,29
Kab. Barru;-4,44174;119,694134;14,74;24,71;26,87;25,6;10,5
Kab. Batang;-7,018354;109,875146;20,47;32;30,04;61,06;13,25
Kab. Batang Hari;-1,754396;103,120282;22,64;24,37;32,82;24,83;4,13
Kab. Batubara;3,233992;99,475041;29,77;30,24;32,09;31,14;12
Kab. Bekasi;-6,213759;107,124219;42,62;42,34;37,24;35,59;7,94
Kab. Belitung;-2,866946;107,706134;22,79;31,19;34,72;26,59;16,86
Kab. Belitung Timur;-2,908029;108,011897;17,96;25,47;25,26;23,56;10,5
Kab. Belu;-9,153843;124,968432;21,32;30,4;30,76;23,58;3,08
Kab. Bener Meriah;4,767277;97,007156;17,41;16,25;20,7;17,57;5,55
Kab. Bengkalis;1,406012;101,663322;26,5;28,24;31,9;23,3;3,63
Kab. Bengkayang;1,01497;109,571728;21,71;27,21;33,77;22,77;0
Kab. Bengkulu Selatan;-4,348665;103,023713;17,89;23,95;28,04;20,16;5,04
Kab. Bengkulu Tengah;-3,687483;102,411655;19,74;23,51;27,88;20,03;3,57
Kab. Bengkulu Utara;-3,332141;102,005266;21,33;23,58;28,65;25,15;2,75
Kab. Berau;1,917424;117,314326;24,13;31,37;28,94;27,06;5,56
Kab. Biak Numfor;-1,007121;135,863544;20,8;29,4;31,5;27,24;12,67
Kab. Bima;-8,474865;118,618859;22,2;23,01;34,73;26,5;22,93
Kab. Bintan;0,993517;105,646155;24,65;28,41;33,61;20,1;11,5
Kab. Bireuen;5,093485;96,60918;18,98;22,89;28,13;21,67;5,59
Kab. Blitar;-8,132836;112,236443;17,14;27,6;30,67;45,81;10,44
Kab. Blora;-7,074392;111,384717;18,85;28,78;26,73;36,78;6,23
Kab. Boalemo;0,655754;122,325841;21,16;20,51;27,71;20,14;8,29
Kab. Bogor;-6,559079;106,767375;41,23;38,68;37,2;35,47;9,94
Kab. Bojonegoro;-7,255095;111,80608;17,22;28,22;31,5;30,56;5,02
Kab. Bolaang Mongondaw;0,709339;124,038452;19,92;24,45;24,16;17,63;0
Kab. Bolaang Mongondaw Selatan;0,444111;123,932725;20,34;22,72;23,29;25,9;0
Kab. Bolaang Mongondaw Timur;0,719165;124,509914;21,04;22,35;24,88;32,14;0
Kab. Bolaang Mongondow Utara;0,766657;123,47341;16,85;22,03;21,92;23,89;0
Kab. Bombana;-4,797704;121,850748;20,13;21,92;28,94;18,74;0
Kab. Bondowoso;-7,941741;113,945851;17,59;28,71;29,37;38,43;5,94
Kab. Bone;-4,695153;120,129691;17,84;25,31;32,47;46,18;5,49
Kab. Bone Bolango;0,533177;123,290836;19,76;25,54;28,19;26,59;9
Kab. Boven Digoel;-6,122843;140,379869;21,41;28,61;26,23;25,96;0
Kab. Boyolali;-7,410255;110,652926;19,41;28,42;26,17;31,01;4,94
Kab. Brebes;-7,060354;108,928851;26,86;34,54;33,7;37,1;9
Kab. Buleleng;-8,199467;114,963834;23,52;38,61;30,33;50,23;6,5
Kab. Bulukumba;-5,432482;120,236118;19,58;25,73;31,55;23,16;7,76
Kab. Bulungan;2,801163;117,024255;18,41;23,79;28,13;25,91;4
Kab. Bungo;-1,596065;101,925538;24,18;26,29;29,79;23,14;6,33
Kab. Buol;0,977957;121,3727;20,19;22,99;40,09;25,53;3,83
Kab. Buru;-3,303007;126,7214;20,97;26,17;33,16;18,27;29
Kab. Buru Selatan;-3,582697;126,576034;20,92;21,19;26,02;17,38;3,33
Kab. Buton;-5,314262;122,924466;21,26;19,32;24,35;21,65;0
Kab. Buton Selatan;-5,609582;122,677173;27,44;21,67;24,47;31,23;0
Kab. Buton Tengah;-5,316847;122,399193;23,92;20,8;29,68;28,73;0
Kab. Buton Utara;-4,701505;123,0159;18,48;19,05;29,07;14,71;0
Kab. Ciamis;-7,282888;108,427236;20,79;29,56;30,13;42,52;7,22
Kab. Cianjur;-7,124955;107,156307;30,07;38,83;33,63;33,31;5,86
Kab. Cilacap;-7,480891;108,890039;25,54;30,66;27,97;33,97;10,56
Kab. Cirebon;-6,741785;108,548783;33,07;35,26;35,68;38,55;8,93
Kab. Dairi;2,843814;98,266747;23,86;30,73;33,39;34,96;4,86
Kab. Deiyai;-4,074512;136,250228;15,24;28,38;12,77;11,5;0
Kab. Deli Serdang;3,480051;98,694101;32,45;34,49;31,03;32,09;7,26
Kab. Demak;-6,916308;110,626379;25,16;28,76;31,46;31,45;5,13
Kab. Dharmasraya;-1,126912;101,551537;22,83;23,89;27,11;38,38;101
Kab. Dogiyai;-3,726905;136,044207;36,4;32,77;25,25;93,33;0
Kab. Dompu;-8,472132;118,216692;22,68;29,32;35,7;38,79;10,11
Kab. Donggala;-0,395561;119,835831;20,73;24,53;34,79;24,37;10
Kab. Empat Lawang;-3,751933;102,953593;25,28;33,42;33,36;31,45;0
Kab. Ende;-8,677103;121,734144;16,9;23,89;26,18;33,01;5,8
Kab. Enrekang;-3,503678;119,872023;16,72;22,99;26,3;24,29;7,17
Kab. Fak-Fak;-3,059255;132,912189;16,89;22,91;26,09;21,19;0
Kab. Flores Timur;-8,365124;122,944382;17,72;26,31;29,1;20,86;10,69
Kab. Garut;-7,357288;107,784696;31,19;33,06;36,76;40;9,72
Kab. Gayo Lues;3,98198;97,357319;17,84;19,9;24,34;16,48;5,13
Kab. Gianyar;-8,478126;115,286786;25,22;39,85;38,82;39,59;7,32
Kab. Gorontalo;0,695235;122,706575;22,58;22,8;30,49;23,2;14,08
Kab. Gorontalo Utara;0,885959;122,661088;18,5;21,73;26,82;21,87;6,92
Kab. Gowa;-5,309236;119,718604;28,93;37,27;43,39;29,79;9,67
Kab. Gresik;-7,028829;112,587463;23,2;29,15;29,11;34,82;6,06
Kab. Grobogan;-7,117493;110,928751;24,99;29,37;35;34,85;5,91
Kab. Gunung Kidul;-7,993464;110,614522;16,46;25,55;23,11;27,39;4,39
Kab. Gunung Mas;-1,025541;113,533128;14,37;21,21;25,53;16,45;3,14
Kab. Halmahera Barat;1,364228;127,589681;14,84;21,73;31,32;15,64;8,86
Kab. Halmahera Selatan;-0,82365;127,705225;22,37;25,08;30,61;20,48;7,8
Kab. Halmahera Tengah;0,40291;128,281735;18,05;17,4;21,28;17,73;0
Kab. Halmahera Timur;1,031247;128,308508;20,63;24,28;28,9;18,37;0
Kab. halmahera Utara;1,542498;127,831041;21,28;32,17;31,23;25,83;10
Kab. Hulu Sungai Selatan;-2,728708;115,206941;13,05;20,54;27,32;28,84;11,91
Kab. Hulu Sungai Tengah;-2,603082;115,508655;13,88;21,96;30,24;29,25;4,23
Kab. Hulu Sungai Utara;-2,439095;115,15356;13,22;20,53;25,27;22,7;8,18
Kab. Humbang Hasudutan;2,271275;98,571552;19,91;29,4;31,07;26,06;0
Kab. Indragiri Hilir;-0,233267;103,157281;23,39;25,63;30,07;30,28;8,53
Kab. Indragiri Hulu;-0,533325;102,327497;24,23;28,6;28;31,67;6,41
Kab. Indramayu;-6,448667;108,167474;27,56;32,27;31,41;44,98;6,66
Kab. Intan Jaya;-3,489377;136,811091;21,97;17,08;11,33;0;0
Kab. Jaya Wijaya;-3,999565;139,044113;31,58;35,57;29,99;36,7;0
Kab. Jayapura;-2,999412;139,970663;22,12;31,72;26,96;22,83;0
Kab. Jember;-8,237297;113,660378;24,73;31,57;32,95;36,94;5,25
Kab. Jembrana;-8,309725;114,676098;21,85;32,26;37,66;37,93;7,2
Kab. Jeneponto;-5,567529;119,69853;24,11;24,55;30,53;31,14;7,17
Kab. Jepara;-6,558808;110,767824;23,63;33,76;30,01;32,66;6,02
Kab. Jombang;-7,546638;112,263158;21,52;30,62;36,21;37,32;6,16
Kab. Kaimana;-3,613912;134,02096;17,2;23,33;35,7;12,8;0
Kab. Kampar;0,325658;101,07211;25,36;28,29;29,43;21,35;4,32
Kab. Kapuas;-1,747168;114,297921;15,45;20,52;25,68;26,35;4,63
Kab. Kapuas Hulu;0,830552;112,805926;13,72;24,01;28,69;32,26;6,89
Kab. Karang Asem;-8,375005;115,533321;18,9;36,47;29,43;36,56;4
Kab. Karanganyar;-7,611167;111,014738;21,48;29,6;34,53;37,08;4,79
Kab. Karawang;-6,260195;107,351225;35,03;40,56;44,7;53,02;6,82
Kab. Karimun;0,814806;103,532276;24,85;31,24;30,85;28,99;7,5
Kab. Karo;3,120113;98,295622;23,41;29,69;35,05;49,11;5,94
Kab. Katingan;-1,69852;113,059688;16,97;21,27;21,89;22,94;5,11
Kab. Kaur;-4,607207;103,407544;17,47;22,71;27,74;21,28;5,13
Kab. Kayong Utara;-1,097731;109,921504;20,88;25,22;28,6;20,15;8
Kab. Kebumen;-7,653604;109,617072;22,53;29,91;30,04;39,77;8,52
Kab. Kediri;-7,829455;112,088049;23,97;34,39;34,42;51,69;6,16
Kab. Keerom;-3,303821;140,604589;19,71;21,5;24,6;18,77;0
Kab. Kendal;-7,038367;110,157089;22,99;30,09;29,37;39,37;7,23
Kab. Kep. Sangihe;3,550194;125,541413;9,01;18,78;15,75;18,67;3,92
Kab. Kepahiang;-3,6283;102,641763;21,77;24,75;27,4;25,57;7,22
Kab. Kepulauan Anambas;3,087055;106,068969;15,2;19,97;28,82;21,62;0
Kab. Kepulauan Aru;-6,195643;134,449956;17,08;22,83;31,67;26,4;0
Kab. Kepulauan Mentawai;-1,847923;99,335686;17,04;28,61;25,21;0;0
Kab. Kepulauan Meranti;1,002854;102,650429;18,47;24,08;28,39;17,73;8,04
Kab. Kepulauan Morotai;2,316553;128,448369;21,6;35,64;31,05;31,19;0
Kab. Kepulauan Selayar;-6,561917;120,715074;18,4;20,91;30,06;24,32;2,5
Kab. Kepulauan Seribu;-5,731275;106,593673;25,02;33,27;24,1;16,5;0
Kab. Kepulauan Sitaro;2,540036;125,397165;9,92;21,28;22,12;14,75;0
Kab. Kepulauan Sula;-1,963526;125,839086;20,98;20,18;27,69;28,88;6,83
Kab. Kepulauan Talaud;4,226045;126,781516;13,07;17,51;21,63;11,65;0
Kab. Kepulauan Yapen;-1,746589;136,176891;18,48;27,64;34,54;22,87;0
Kab. Kerinci;#N/A;#N/A;15,81;18,48;28,13;19,93;0
Kab. Ketapang;-1,635546;110,610791;20,7;28,41;30,91;31,32;3,08
Kab. Klaten;-7,685269;110,614333;20,2;29,25;27,61;34,7;4,29
Kab. Klungkung;-8,667067;115,494042;18,31;34,29;30,18;39,19;14,57
Kab. Kolaka;-4,074849;121,528455;21,21;25,83;30,82;18,62;8,2
KAB. KOLAKA TIMUR;-3,80457;121,617137;16,73;23,45;33,84;22,91;5
Kab. Kolaka Utara;-3,247692;121,156236;20,05;20,95;28,16;21,28;0
Kab. Konawe;-3,525443;121,886179;20,21;23,13;29,53;20,84;4,67
Kab. Konawe Kepulauan;-4,114429;123,095098;17,75;23,08;28,93;7,53;0
Kab. Konawe Selatan;-4,262675;122,420695;20,28;24,8;31,37;24,86;9,93
Kab. Konawe Utara;-3,385079;121,996927;15,79;20,51;28,04;16,43;5,89
Kab. Kota Baru;-2,987148;116,06572;21,09;26,86;28,27;35,31;4,93
Kab. Kotawaringin Barat;-2,545993;111,746784;23,74;26,95;26,76;23,98;6
Kab. Kotawaringin Timur;-2,064886;112,712986;22,94;29,08;32,74;29,04;5,77
Kab. Kuantan Singingi;-0,478645;101,50347;20,79;21,78;26,77;25,64;2,67
Kab. Kuburaya;-0,37051;109,555358;23,44;26,97;29,93;30,52;4,75
Kab. Kudus;-6,797736;110,868459;20,7;30,97;30,44;35,99;9,72
Kab. Kulon Progo;-7,816429;110,173805;16,47;24,77;22,76;24,35;5,26
Kab. Kuningan;-7,001326;108,561076;23,59;30,84;32,64;46,37;5,44
Kab. Kupang;-9,918299;123,859929;21,04;26,51;30,13;17,64;6,67
Kab. Kutai Barat;-0,505965;115,834365;15,33;27;25,15;26,69;15,8
Kab. Kutai Kartanegara;0,090954;116,509145;21,83;26,71;27,83;28,71;7,69
Kab. Kutai Timur;0,958004;117,138152;24,67;25,95;26,27;23,45;11,89
Kab. Labuhan Batu;2,278827;100,056515;27,58;31,99;37,64;31,64;10,22
Kab. Labuhan Batu Selatan;1,837378;100,132924;27,99;28,54;34,31;32,41;0
Kab. Labuhan Batu Utara;2,406209;99,752444;22,87;32,04;34,64;30,14;0
Kab. Lahat;-3,830556;103,385279;22,79;31,9;29,37;34,6;7,23
Kab. Lamandau;-1,800456;111,40663;15,23;19,95;21,11;16,05;11
Kab. Lamongan;-7,13394;112,299787;14,06;24,64;28,3;26,74;8,69
Kab. Lampung Barat;-5,055289;104,254783;19,43;23,09;27,68;23,82;0
Kab. Lampung Selatan;-5,532652;105,500421;29,6;31,82;32,07;36,02;6,75
Kab. Lampung Tengah;-4,860978;105,265619;23,88;27,09;26,47;29,75;7,78
Kab. Lampung Timur;-5,136695;105,649068;23,15;28,7;30,79;41,5;6,76
Kab. Lampung Utara;-4,809281;104,805784;21,94;29,2;33,29;32,78;5,45
Kab. Landak;0,553939;109,778883;19,19;30,55;33,9;30,54;3,8
Kab. Langkat;3,71084;98,220022;25,37;30,02;34,19;33,73;13,5
Kab. Lanny Jaya;-3,863168;138,363149;37,27;32,13;32,31;14,33;0
Kab. Lebak;-6,647376;106,214344;28,56;30,12;34,4;34,46;8,84
Kab. Lebong;-3,090302;102,249124;18,27;23,99;31,48;25,81;63
Kab. Lembata;-8,380309;123,542394;17,43;26,34;30,94;15,73;21,86
Kab. Lima Puluh Koto;0,02978;100,565881;18,42;23,13;28,29;33,35;5,73
Kab. Lingga;-0,219417;104,525425;14,7;21,66;22,83;17,47;0
Kab. Lombok Barat;-8,664498;116,094171;27,89;26,62;30,88;32,55;3,88
Kab. Lombok Tengah;-8,722796;116,289215;24,1;25,02;29,99;29,52;7,49
Kab. Lombok Timur;-8,532951;116,53086;25;30,08;33,22;28,57;9,52
Kab. Lombok Utara;-8,34901;116,283489;25,32;27,17;28,73;28,76;4,67
Kab. Lumajang;-8,125789;113,13811;19,9;29,58;30,31;31,93;8,46
Kab. Luwu;-3,198656;120,182556;22,07;24,51;34,18;26,95;6,87
Kab. Luwu Timur;-2,550704;121,138524;22,61;28,2;31;24,12;59
Kab. Luwu Utara;-2,395277;120,160874;20,51;24,06;31,13;31,56;25,4
Kab. Madiun;-7,625315;111,644357;16,69;24,44;28,59;37,34;7,55
Kab. Magelang;-7,502855;110,247618;20,69;29,34;28,59;35,23;6,3
Kab. Magetan;-7,663175;111,355653;13,78;22,34;26,63;29,01;14,66
KAB. MAHAKAM ULU;0,723449;114,864563;17,68;26,37;36,38;47,75;0
Kab. Majalengka;-6,81623;108,25876;25,12;28,3;30,8;39,61;6,41
Kab. Majene;-3,166697;118,919585;18,39;25,34;25,56;25,55;10,59
Kab. Malaka;-9,521802;124,889285;18,18;24,27;37,45;15,83;0
Kab. Malang;-8,125146;112,638023;23,6;29,22;30,02;32,35;4,17
Kab. Malinau;2,477869;115,714739;15,13;26,08;32,11;28,33;4,92
Kab. Maluku Barat Daya;-7,83242;127,310355;14,92;20,79;26,23;19,7;0
Kab. Maluku Tengah;-3,160831;129,257273;20,07;23,9;27,61;15,28;7,33
Kab. Maluku Tenggara;-5,674072;132,888114;17,5;26,57;25;16,28;12
Kab. Maluku Tenggara Barat;-7,57938;131,366903;21,63;21,39;24,56;16,09;5,5
Kab. Mamasa;-2,948801;119,311872;14,01;21,48;26,48;24,57;36,67
Kab. Mamuju;-2,530347;119,325316;20,08;28,51;30,97;32,61;9,39
Kab. Mamuju Tengah;-2,007715;119,518493;20,57;30,15;32,71;28,19;11,38
Kab. Mamuju Utara;-1,485484;119,507161;23,04;24,21;32,6;26,87;7
Kab. Mandailing Natal;0,774433;99,369332;23,43;21,45;29,62;41,64;15,43
Kab. Manggarai;-8,56934;120,40154;24,44;36,22;38,97;35,58;6,38
Kab. Manggarai Barat;-8,602595;119,988827;21,17;34,45;33,51;33,4;0
Kab. Manggarai Timur;-8,571687;120,690587;20,56;33,53;40,11;28,7;2,92
Kab. Manokwari;-0,98782;133,704874;29,26;28,98;28;30,31;5,63
Kab. Manokwari Selatan;-1,616173;134,036623;23,96;28,8;23,31;14,33;0
Kab. Mappi;-6,496386;139,388925;46,05;46,25;38,59;32,5;0
Kab. Maros;-5,000612;119,724767;23,77;27,31;29,6;23,28;2,89
Kab. Maybrat;-1,388245;132,340893;16,03;19,93;19,67;4,44;0
Kab. Melawi;-0,592595;111,901052;18,06;22,46;31,39;25,24;7,71
Kab. Memberamo Raya;-2,420155;137,8257;44,23;33,5;30,33;0;0
Kab. Membramo Tengah;-3,647605;139,191232;28,42;30,81;16,6;0;0
Kab. Mempawah;0,331074;109,173882;20,89;29,97;35,42;24,84;5
Kab. Merangin;-2,180141;102,041848;21,3;22,8;28,61;27,56;4,83
Kab. Merauke;-7,850677;139,660659;24,15;26,15;31,64;24,66;4,22
Kab. Mesuji;-4,023685;105,377802;26,2;26,72;33,22;31,32;0
Kab. Mimika;-4,425247;136,549481;35,08;33,04;33,49;22,79;0
Kab. Minahasa;1,254671;124,855124;14,09;21,18;27,21;22,8;1,72
Kab. Minahasa Selatan;1,084294;124,521088;16,26;23,29;25,02;24,31;4,17
Kab. Minahasa Tenggara;1,01068;124,723029;21,56;21,81;24,86;32,76;19,25
Kab. Minahasa Utara;1,550788;125,006836;16,98;22,75;25,14;28,38;6,45
Kab. Mojokerto;-7,55065;112,483257;22,08;29,36;31,61;38,5;4,56
Kab. Morowali;-2,692799;121,912657;17,7;23,16;29,14;17,46;0
Kab. Morowali Utara;-1,814235;121,384665;15,15;23,27;31,32;23,22;6,71
Kab. Muara Enim;-3,644847;103,993816;26,44;30,62;31,46;37,13;6,05
Kab. Muaro Jambi;-1,599576;103,786868;23,5;23,55;25,86;25,23;20,43
Kab. Muko-muko;-2,700495;101,485771;20,64;20,97;27,92;21,72;4,88
Kab. Muna;-4,951805;122,636723;21,57;23,6;27,8;28,35;8,12
Kab. Muna Barat;-4,801822;122,511873;18,94;24,7;28;15,5;6,28
Kab. Murung Raya;-0,030227;114,279545;15,72;20,05;25,32;16,2;3,67
Kab. Musi Banyuasin;-2,443731;103,830404;24,79;29,92;31,95;30,21;7,36
Kab. Musi Rawas;-3,166718;103,145163;21,88;29,91;33,57;29,57;8,3
Kab. Musi Rawas Utara;-2,745137;102,734614;23,74;29,23;34,02;34;0
Kab. Nabire;-3,344458;135,315433;25,99;26,06;30,03;19,39;5,73
Kab. Nagakeo;-8,687717;121,269777;17,42;21,17;36,94;21,29;7
Kab. Nagan Raya;4,155455;96,506742;17,39;21,43;25,84;33,36;26
Kab. Natuna;3,722147;108,289453;18,86;20,41;23,51;11,26;0
Kab. Nduga;-4,279179;138,405458;39,28;22,04;5,67;0;0
Kab. Ngada;-8,667227;120,999504;19,05;24,95;28,74;19,12;3,36
Kab. Nganjuk;-7,597576;111,937169;20,7;29,02;33,34;35,43;6,57
Kab. Ngawi;-7,438155;111,342729;16,94;26,7;29,42;31,86;10,44
Kab. Nias;1,065106;97,731596;21,29;29,77;31,44;24,28;0
Kab. Nias Barat;1,029155;97,495417;19,03;26,4;29,18;19,89;0
Kab. Nias Selatan;0,321339;98,103141;23,03;29,52;36,25;33,38;0
Kab. Nias Utara;1,31276;97,355443;18,44;28,13;34,67;26,01;0
Kab. Nunukan;3,994155;116,662655;22,15;30,96;36,54;26,03;6,09
Kab. Ogan Ilir;-3,409962;104,600841;24,74;29,26;25,96;41,82;5
Kab. Ogan Komering Ilir;-3,343129;105,390679;26,8;32,51;35,54;44,44;15
Kab. Ogan Komering Ulu;-4,100701;104,093825;30,38;31,46;33,54;23,15;5,36
Kab. Ogan Komering Ulu Selatan;-4,590819;103,915271;23,29;29,29;35,13;42,93;0
Kab. Ogan Komering Ulu Timur;-4,068823;104,567978;22,47;29,13;34,33;27,04;3,83
Kab. Pacitan;-8,126729;111,177001;15,03;25,27;29,29;27,72;5,3
Kab. Padang Lawas;1,140434;99,844134;28,36;22,7;37,74;42,1;0
Kab. Padang Lawas utara;1,592977;99,756631;27,21;22,3;28,31;19,88;7,83
Kab. Padang Pariaman;-0,562282;100,227658;20,23;24,54;29,32;23,99;4,42
Kab. Pakpak Bharat;2,554219;98,240398;16,5;19,4;26,58;30,59;3
Kab. Pamekasan;-7,067173;113,502139;19,29;24,61;31,57;28,24;7,71
Kab. Pandeglang;-6,5879;105,749813;25,63;30,56;33;31,14;6,14
Kab. Pangandaran;-7,632211;108,516612;18,4;26,95;30,05;43,62;15,05
Kab. Pangkajene Kepulauan;-4,933807;119,483553;20,99;26,63;29,98;35,85;4,51
Kab. Paniai;-3,737513;136,546852;36,63;44,33;28,05;11,44;0
Kab. Parigi Moutong;0,01505;120,450984;21,36;25,2;35,38;23,57;33,33
Kab. Pasaman;0,387347;100,082759;21,56;27,24;36,68;35,16;16,58
Kab. Pasaman Barat;0,206925;99,678103;26,01;26,13;33,12;31,74;5,31
Kab. Paser;-1,733253;116,094792;21,82;26,44;32,72;36,11;7,33
Kab. Pasuruan;-7,745044;112,829266;25,13;31,22;29,62;33,39;6,53
Kab. Pati;-6,745947;111,040431;20,39;28,09;33,9;35,68;8,93
Kab. Pegunungan Arfak;-1,337114;133,761419;27,15;34,61;80,8;15;0
Kab. Pegunungan Bintang;-4,535183;140,553424;27,96;31,78;14;9,23;0
Kab. Pekalongan;-7,061092;109,632222;23,2;33,15;29,68;36,42;10,95
Kab. Pelalawan;0,219395;102,267469;27,25;33,01;29,1;28,67;4,24
Kab. Pemalang;-7,035244;109,396123;29,17;38,76;32,47;46,75;8,63
Kab. Penajam Paser Utara;-1,157494;116,597737;24,36;26,34;26,73;26,56;3,15
Kab. Penukal Abab Lematang Ilir;-3,212895;103,983294;35,32;38,84;44,52;59,95;0
Kab. Pesawaran;-5,473596;105,110286;21,61;30,97;27,66;34,4;0
KAB. PESISIR BARAT;-5,328993;104,156338;19,8;20,96;31,86;31,47;0
Kab. Pesisir Selatan;-1,742293;100,882958;22,11;26,68;33,2;28,72;9,01
Kab. Pidie;5,068187;96,007174;18,78;20,57;24,62;29,36;7,33
Kab. Pidie Jaya;5,124762;96,216592;19,22;21,14;23,69;17,64;11,5
Kab. Pinrang;-3,622451;119,599885;21,49;29,33;35,43;38,05;4,38
Kab. Pohuwato;0,688048;121,711127;20,39;22,42;31,52;14,3;13,5
Kab. Polewali Mandar;-3,312218;119,144797;22,92;27,47;34,81;27,15;3,07
Kab. Ponorogo;-7,931996;111,499036;16,73;26,27;26,07;39,09;4,22
Kab. Poso;-1,680864;120,5211;16,27;21,28;26,15;20,49;4,94
Kab. Pringsewu;-5,330802;104,919928;21,47;31,17;28,31;36,91;4,2
Kab. Probolinggo;-7,868172;113,319317;19,06;27,2;31,15;39,28;6,45
Kab. Pulang Pisau;-2,71598;113,954599;12,81;20,76;23,53;9,92;6,38
KAB. PULAU TALIABU;-1,818913;124,740565;24,55;30,57;38,07;21,68;0
kab. Puncak;-3,653217;137,4717;27,07;27,36;29,67;0;0
Kab. Puncak Jaya;-3,307599;137,98048;62,35;44;41,77;19,82;0
Kab. Purbalingga;-7,321807;109,411577;22,97;30,51;28,15;37,25;14,56
Kab. Purwakarta;-6,590724;107,443811;33,98;35,23;37,65;45,09;7,69
Kab. Purworejo;-7,697777;109,967038;19,64;27,91;27,1;35,17;7,08
Kab. Raja Ampat;-0,90035;130,539459;16,17;25,82;21,24;13,77;0
Kab. Rejang Lebong;-3,430754;102,698901;23,05;26,91;27,03;29,77;4,67
Kab. Rembang;-6,774294;111,4626;20,78;28,43;30,02;32,83;23,89
Kab. Rokan Hilir;1,770662;100,747219;26,02;27,48;31,48;27,71;5,7
Kab. Rokan Hulu;0,939519;100,475632;25,93;26,7;27,54;24,07;5,69
Kab. Rote-Ndao;-10,726037;123,124486;20,54;26,69;33,66;11,66;0
Kab. Sabu Raijua;-10,53573;121,844739;25,18;31,75;29,74;30,47;0
Kab. Sambas;1,424186;109,345717;26,14;29,5;30,8;30,67;12,8
Kab. Samosir;2,558752;98,721319;14,43;27,38;31,49;27,91;0
Kab. Sampang;-7,051746;113,255138;21,11;28,34;32,2;30,7;10,6
Kab. Sanggau;0,250815;110,457929;19,48;30,61;32,65;30,81;6,3
Kab. Sarmi;-2,526255;139,066745;22,21;30,62;29,08;14,91;0
Kab. Sarolangun;-2,304215;102,646248;21,52;24,88;27,69;23,66;5,83
Kab. Sekadau;-0,009566;110,985291;18,32;27,59;33,9;45,48;9,67
Kab. Seluma;-4,052239;102,657726;19,08;26,76;30,96;27,16;7,33
Kab. Semarang;-7,271058;110,476546;22,63;28,99;27,62;39,19;5,73
Kab. Seram Bagian Barat;-3,127404;128,319564;18,94;25,74;28,45;17,69;0
Kab. Seram Bagian Timur;-3,421755;130,444204;20,23;20,25;30,18;21,06;0
Kab. Serang;-6,144224;106,154884;32,71;31,81;32,16;38,48;8,78
Kab. Serdang Bedagai;3,366393;99,057542;24,93;33,1;34,93;29,27;18,33
Kab. Seruyan;-2,28087;112,175651;17,91;22,03;24,75;21,67;3,86
Kab. Siak;0,826468;101,824921;27,2;27,93;31,4;24,91;8,76
Kab. Sidenreng Rappang;-3,807311;119,971357;20,23;24,33;33,41;21,67;2,76
Kab. Sidoarjo;-7,451151;112,695648;32,77;33,33;33,84;43,14;5,46
Kab. Sigi;-1,408556;119,97043;19,37;24;27,21;23,36;6,33
Kab. Sijunjung;-0,684066;101,089468;20,95;23,16;26,34;21,55;8,65
Kab. Sikka;-8,608742;122,303717;18,86;28,3;29,5;23,77;11,8
Kab. Simalungun;2,97685;99,033037;19,93;28,32;32,39;27,68;3,15
Kab. Simeulue;2,613419;96,085543;14,81;19,9;24,78;16,21;0
Kab. Sinjai;-5,209875;120,135708;17,26;25,79;30,49;24,54;4,92
Kab. Sintang;0,156464;112,001654;20,1;26,47;29,48;29,72;6,6
Kab. Situbondo;-7,801673;114,05161;17,87;28,47;35,75;40,93;5,04
Kab. Sleman;-7,716275;110,389239;24,23;29,32;24,78;28,52;3,8
Kab. Solok;-0,962346;100,81862;20,01;22,79;24,64;19,89;6,55
Kab. Solok Selatan;-1,404175;101,252551;18,92;21,7;28,32;28,56;5,29
Kab. Soppeng;-4,338975;119,892082;13,08;19,9;28,39;24,81;4,23
Kab. Sorong;-1,105726;131,566892;20,15;22,45;21,76;25,19;8
Kab. Sorong Selatan;-1,707291;132,097074;20,59;22,88;23,6;43;0
Kab. Sragen;-7,384713;110,975583;20,94;30,12;25,44;36,74;8,33
Kab. Subang;-6,481954;107,733423;25,19;35,59;33,94;36,24;11,53
Kab. Sukabumi;-7,074296;106,704432;29,33;33,09;33,49;33,75;8,11
Kab. Sukamara;-2,623328;111,160759;19,05;25,5;22;23,35;0
Kab. Sukoharjo;-7,686701;110,832327;19,03;28,97;29,91;35,61;4,58
Kab. Sumba Barat;-9,64222;119,379665;23,79;29,33;39,43;29,99;9,4
Kab. Sumba Barat Daya;-9,534295;119,179942;34,02;35,91;33,73;45,36;0
Kab. Sumba Tengah;-9,547817;119,665647;19,91;26,36;21,46;30,97;10
Kab. Sumba Timur;-9,877314;120,254914;20,79;28,05;43,03;25,15;2,16
Kab. Sumbawa;-8,703227;117,484995;21,78;27,17;30,93;33,13;6,14
Kab. Sumbawa Barat;-8,829664;116,91506;22,08;21,57;25,63;25,15;6,18
Kab. Sumedang;-6,824555;107,982217;25,57;30,3;29,8;33,2;3,98
Kab. Sumenep;-6,969551;114,406263;15,62;23,3;28,33;30,89;7,08
Kab. Supiori;-0,746306;135,563367;16;24,93;25,25;9,67;0
Kab. Tabalong;-1,856765;115,498143;17,15;21,95;24,62;29,27;6,85
Kab. Tabanan;-8,427936;115,078026;17,87;34,43;41,41;28,47;6,84
Kab. Takalar;-5,419847;119,470794;21,64;28,43;31,76;32,45;3,65
Kab. Tambrauw;-0,789172;132,729386;16,83;21,52;35;13,67;0
Kab. Tana Tidung;3,549702;117,169664;21,18;32,15;26,28;0;0
Kab. Tana Toraja;-3,108391;119,712289;20,02;25,39;29,73;27,31;3,55
Kab. Tanah Bumbu;-3,442462;115,648412;23,38;28,12;31,34;37,88;5,3
Kab. Tanah Datar;-0,460535;100,585939;19,57;20,4;25,73;27,72;9,67
Kab. Tanah Laut;-3,820168;114,90391;21,53;25,47;27,55;30,24;4,94
Kab. Tangerang;-6,180928;106,523901;40,78;38,37;34,73;41,46;7,69
Kab. Tanggamus;-5,435875;104,67526;22,43;29,52;31,01;32,06;0
Kab. Tanjung Jabung Barat;-1,078255;103,136116;23,61;26,76;27,75;30,63;7,21
Kab. Tanjung Jabung Timur;-1,240041;103,985182;17,64;23,62;30,44;20,64;18,2
Kab. Tapanuli Selatan;1,49124;99,257865;21,94;24,72;36,12;24,5;14,4
Kab. Tapanuli Tengah;1,835132;98,661023;19,76;30,37;35,54;30,25;8,17
Kab. Tapanuli Utara;1,988365;99,073077;18,35;26,84;33,97;24,56;18
Kab. Tapin;-2,92407;115,047375;16,47;24,09;26,07;45,3;3,95
Kab. Tasikmalaya;-7,495534;108,138124;23,86;29,8;31,35;36,17;6,25
Kab. Tebo;-1,308975;102,350544;22,63;25,42;28,2;24,56;4,59
Kab. Tegal;-7,029443;109,160549;28,88;33,72;29,88;34,17;6,35
Kab. Teluk Bintuni;-2,003885;133,309014;22,65;21,83;21,65;28,12;0
Kab. Teluk Wondama;-2,6367;134,343816;16,3;27,67;27,9;10,16;0
Kab. Temanggung;-7,259393;110,139982;20,8;29,94;27,87;31,58;6,32
Kab. Timor Tengah Selatan;-9,827945;124,396775;21,06;28,5;29,74;25,98;12,45
Kab. Timor Tengah Utara;-9,37751;124,569663;19,48;22,82;26,81;23,08;3,59
Kab. Toba Samosir;2,379721;99,264134;17,46;24,2;31,24;34,04;7,33
Kab. Tojo Una-Una;-1,112053;121,574059;16,6;23,96;51,38;29,6;7,29
Kab. Tolikara;-3,387471;138,588637;36,38;37,92;26,87;22,25;0
Kab. Tolitoli;0,925945;120,718857;21,43;25,01;31,46;25,87;10
Kab. Toraja Utara;-2,888259;119,868996;22,61;26,08;30,96;25,55;14
Kab. Trenggalek;-8,165361;111,623622;16,52;27,37;31,28;32,41;7,37
Kab. Tuban;-6,953163;111,893752;19,6;29,39;30,97;53,4;7,2
Kab. Tulang Bawang;-4,372702;105,532002;28,82;29,4;31,55;23,24;4,4
Kab. Tulang Bawang Barat;-4,42483;105,092042;24,41;25,85;28,93;24,71;0
Kab. Tulungagung;-8,115369;111,886332;19,84;31,18;32,6;47,1;13,72
Kab. Wajo;-4,006471;120,170974;15,5;23,83;30,36;19,28;9,33
Kab. Wakatobi;-5,575562;123,794836;18,07;19,27;27,68;18,23;4,75
Kab. Waropen;-2,690816;136,638434;15,61;20,96;17,29;11,74;0
Kab. Way Kanan;-4,5165;104,614476;22,43;25,56;26,62;28,03;5
Kab. Wonogiri;-7,920652;110,999404;15,76;26,65;26,06;34,03;5,34
Kab. Wonosobo;-7,415441;109,909239;22,55;29,55;29,66;29,55;8,06
Kab. Yahukimo;-4,469373;139,585175;41,75;38,45;27,18;26,93;0
Kab. Yalimo;-3,804523;139,578247;30,15;29,7;26,46;23,86;0
Kota Ambon;-3,675354;128,180913;29,26;32,12;34,74;33,9;16,17
Kota Balikpapan;-1,159989;116,865984;42,66;35,39;36,93;36,97;8,98
Kota Banda Aceh;5,559424;95,326745;27,57;23,83;22,25;23,13;5,41
Kota Bandar Lampung;-5,415245;105,26683;43,74;31,88;33,9;32,07;7,87
Kota Bandung;-6,924193;107,635067;44,9;36,6;32,8;38,61;4,46
Kota Banjar;-7,3745;108,552276;24,22;28,96;29,09;34,33;10,08
Kota Banjarbaru;-3,476037;114,82248;27,64;28,24;28,74;28,15;3,24
Kota Banjarmasin;-3,323233;114,600937;28,03;31,17;31,73;37,02;5,53
Kota Batam;0,962772;104,064656;40,81;36,6;30,01;28,85;6,66
Kota Batu;-7,82677;112,533663;26,44;27,07;22,29;31,48;6,2
Kota Baubau;-5,429854;122,675274;34,75;23,17;30,47;22,88;25,88
Kota Bekasi;-6,283311;106,978782;42,81;39,11;30,67;49,97;7,06
Kota Bengkulu;-3,8277;102,312675;33,69;29,02;28,87;21,26;6,42
Kota Bima;-8,455902;118,78495;23,39;24,43;29,09;35,66;3,75
Kota Binjai;3,599398;98,488794;27,18;36,48;35,61;34;6,41
Kota Bitung;1,481863;125,152491;26,14;30,65;26,93;24,27;4,62
Kota Blitar;-8,088287;112,164789;27,44;29,97;31,7;41,66;15,94
Kota Bogor;-6,593714;106,797577;43,55;34,97;28,11;36,82;6,59
Kota Bontang;0,090838;117,45697;34,94;28,94;29,98;27,37;4,7
Kota Bukittinggi;-0,300053;100,371875;29,32;34,62;33,37;36,73;6,16
Kota Cilegon;-6,014603;106,012012;31,86;28,75;29,15;44,18;5,05
Kota Cimahi;-6,890063;107,550024;43,05;43,71;30,8;38,01;4,55
Kota Cirebon;-6,753213;108,549165;31,96;33,63;31,63;34,11;5,64
Kota Denpasar;-8,661541;115,219639;41,96;43,43;32,1;37,91;12,17
Kota Depok;-6,397258;106,812857;46,03;36,41;34,77;32,01;6,76
Kota Dumai;1,79757;101,311672;35,84;33,69;29,58;26,97;10,26
Kota Gorontalo;0,539902;123,0569;23,55;30,95;28,19;32,76;16,71
Kota Gunungsitoli;1,265302;97,583047;22,76;27;27,23;33,03;10,33
Kota Jakarta Barat;-6,164548;106,74587;33,62;32,26;26,25;35,3;4,15
Kota Jakarta Pusat;-6,181464;106,83528;30,91;31,66;30,13;33,12;4,7
Kota Jakarta Selatan;-6,272443;106,808707;34,29;31,89;28,77;32,18;3,93
Kota Jakarta Timur;-6,25514;106,902415;36,28;36,78;32,5;40,83;4,88
Kota Jakarta Utara;-6,129449;106,871786;36,52;33,64;30,03;34,97;5,88
Kota Jambi;-1,62092;103,641619;29,65;31,38;30,96;35,46;7,76
Kota Jayapura;-2,65592;140,776797;31,29;32,55;31,41;22,43;6,53
Kota Kediri;-7,826716;112,013081;31,54;31,07;29,21;45,25;4,62
Kota Kendari;-4,000418;122,532632;34,01;31,37;30,58;30,59;4,26
Kota Kotamobagu;0,731867;124,31361;24,35;28,43;21,79;59,1;4,1
Kota Kupang;-10,203768;123,60734;36,09;36,43;32,45;24,2;6,13
Kota Langsa;4,481313;97,976659;24,68;22,51;27,48;28,56;10,56
Kota Lhokseumawe;5,164525;97,110283;30,65;27,99;26,97;29,99;5,53
Kota Lubuk Linggau;-3,263543;102,879311;32,01;35,5;28,33;36,72;10,42
Kota Madiun;-7,629871;111,530573;25,2;26,84;27,44;29,96;3,15
Kota Magelang;-7,494691;110,226283;28,77;30,58;24,73;44,18;5,69
Kota Makassar;-5,133807;119,46176;44,63;37,52;29,9;28,55;5
Kota Malang;-7,973761;112,631413;28,9;32,55;28,51;42,8;4,71
Kota Manado;1,523566;124,84957;25,63;32,03;30,82;23,59;4,31
Kota Mataram;-8,590279;116,111014;34,19;33,01;34,38;31,59;5,2
Kota Medan;3,627613;98,667966;35,36;32,69;32,87;30,14;7,33
Kota Metro;-5,121921;105,306323;28,21;28,8;25,37;38,85;4,84
Kota Mojokerto;-7,468754;112,438197;33,7;31,35;28,08;41,52;5,18
Kota Padang;-0,895622;100,435376;30,8;32,32;28,37;35,61;4,58
Kota Padang Panjang;-0,471241;100,403794;25,58;26,93;26,25;22,14;13,24
Kota Padang Sidimpuan;1,396235;99,280985;30,55;27,88;30,21;29,63;10,82
Kota Pagar Alam;-4,109112;103,262636;24,39;27,83;30,59;36,66;5,72
Kota Palangka Raya;-2,018471;113,769117;23,4;30,81;25,99;25,28;8,37
Kota Palembang;-2,973355;104,731487;41,91;33,9;31,24;37,12;5,76
Kota Palopo;-2,98048;120,147913;26,59;27,91;34,98;23,67;6
Kota Palu;-0,829876;119,910001;29,49;23,87;27,34;25,38;7,76
Kota Pangkalpinang;-2,229535;106,143368;31,74;36,76;29,13;30,12;6,15
Kota Pare-Pare;-4,029459;119,661678;26,22;25,68;27,93;22,5;16,6
Kota Pariaman;-0,607654;100,137406;21,06;31,12;36,18;30,48;5,65
Kota Pasuruan;-7,653979;112,903493;27,11;30,89;29,67;41,76;12,38
Kota Payakumbuh;-0,226056;100,631019;26,72;30,1;31,32;39,82;4,84
Kota Pekalongan;-6,901375;109,688345;27,41;31,29;29,28;39,23;8,03
Kota Pekanbaru;0,549964;101,464512;41,7;34,32;28,58;31,12;9
Kota Pematangsiantar;2,962221;99,058792;26,85;28,87;35,84;29,58;8
Kota Pontianak;-0,070774;109,353891;36,83;33,83;35,34;33,53;8,13
Kota Prabumulih;-3,452762;104,229527;35,72;38,78;28,33;31,45;8,19
Kota Probolinggo;-7,778959;113,212992;27,55;28,62;27,55;41,08;8,63
Kota Sabang;5,83804;95,305622;21,3;18,78;25,12;9,89;5,71
Kota Salatiga;-7,338984;110,497712;24,97;27,56;20,36;50,34;4,77
Kota Samarinda;-0,500648;117,178691;43,35;34,4;32,79;33,84;5,73
Kota Sawah Lunto;-0,653719;100,757045;18,65;24,82;27,15;23,69;9,58
Kota Semarang;-7,02272;110,385436;31,51;28,42;28,67;41,96;4,04
Kota Serang;-6,124295;106,162484;37,44;34,34;33,7;41,99;6,07
Kota Sibolga;1,738246;98,785779;33,27;35,45;36,55;35,14;6,22
Kota Singkawang;0,887237;109,030089;25,31;26,66;29,79;32,13;9,07
Kota Solok;-0,782367;100,630437;25,34;29,76;34,58;25,36;4
Kota Sorong;-0,929367;131,365756;35,29;28,39;28,54;21,97;13
Kota Subulussalam;2,737597;97,936545;21,32;26,65;32,82;30,74;0
Kota Sukabumi;-6,9492;106,913906;33,07;33,69;31,15;30,51;4,91
Kota Sungai Penuh;-2,075969;101,348417;19,04;20,76;35,91;25,81;10,45
Kota Surabaya;-7,275692;112,711572;36,61;34,68;30,27;55,19;5,17
Kota Surakarta;-7,556202;110,823247;30,1;27,17;29,53;31,33;4,63
Kota Tangerang;-6,188625;106,652193;44,79;34,84;31,35;33,54;8,39
Kota Tangerang Selatan;-6,302563;106,717026;39,91;30,71;28,75;35,11;6,38
Kota Tanjung Balai;2,964441;99,794983;31,66;30,74;34,74;24,42;12,78
Kota Tanjungpinang;0,920313;104,484327;38,84;34,32;31,11;29,24;5,98
Kota Tarakan;3,354998;117,600716;36,56;36,33;36,75;35,51;9,44
Kota Tasikmalaya;-7,35841;108,215148;33,96;31,41;30,92;31,68;10,36
Kota Tebing Tinggi;3,328235;99,155673;29,83;31,58;27,53;27,61;24,69
Kota Tegal;-6,87682;109,111602;27,71;28,84;28,57;31,21;8,7
Kota Ternate;0,838625;127,174226;28,85;30,92;27,15;23,97;3,04
Kota Tidore Kepulauan;0,485236;127,673663;16,29;19,23;19,79;17,56;3,59
Kota Tomohon;1,323717;124,815544;19,41;29,11;29,01;21,19;4,37
Kota Tual;-5,557629;132,448941;24,53;22,98;25,36;25,15;0
Kota Yogyakarta;-7,802875;110,374287;25,46;29,98;27,81;32,34;3,36
